entity,entity_type,source,method,confidence,evidence
Quốc hội,CoQuan,metadata,metadata_original,1.0,metadata.csv: co_quan_ban_hanh = 'Quốc hội'
Vương Đình Huệ,NguoiKy,metadata,metadata_original,1.0,metadata.csv: nguoi_ky = 'Vương Đình Huệ'
Tín dụng,LinhVuc,metadata,metadata_original,1.0,metadata.csv: linh_vuc = 'Tín dụng'
Chính phủ,CoQuan,metadata,metadata_original,1.0,metadata.csv: co_quan_ban_hanh = 'Chính phủ'
Nguyễn Xuân Phúc,NguoiKy,metadata,metadata_original,1.0,metadata.csv: nguoi_ky = 'Nguyễn Xuân Phúc'
Ngân hàng Nhà nước Việt Nam,CoQuan,metadata,metadata_original,1.0,metadata.csv: co_quan_ban_hanh = 'Ngân hàng Nhà nước Việt Nam'
Đào Minh Tú,NguoiKy,metadata,metadata_original,1.0,metadata.csv: nguoi_ky = 'Đào Minh Tú'
Phát hành và kho quỹ,LinhVuc,metadata,metadata_original,1.0,metadata.csv: linh_vuc = 'Phát hành và kho quỹ'
Quốc hội,CoQuan,metadata,metadata_original,1.0,metadata.csv: co_quan_ban_hanh = 'Quốc hội'
Nguyễn Phú Trọng,NguoiKy,metadata,metadata_original,1.0,metadata.csv: nguoi_ky = 'Nguyễn Phú Trọng'
Chính phủ,CoQuan,metadata,metadata_original,1.0,metadata.csv: co_quan_ban_hanh = 'Chính phủ'
Lê Minh Khái,NguoiKy,metadata,metadata_original,1.0,metadata.csv: nguoi_ky = 'Lê Minh Khái'
Bảo hiểm,LinhVuc,metadata,metadata_original,1.0,metadata.csv: linh_vuc = 'Bảo hiểm'
Chính phủ,CoQuan,metadata,metadata_original,1.0,metadata.csv: co_quan_ban_hanh = 'Chính phủ'
Nguyễn Xuân Phúc,NguoiKy,metadata,metadata_original,1.0,metadata.csv: nguoi_ky = 'Nguyễn Xuân Phúc'
Chứng khoán,LinhVuc,metadata,metadata_original,1.0,metadata.csv: linh_vuc = 'Chứng khoán'
Ngân hàng Nhà nước Việt Nam,CoQuan,metadata,metadata_original,1.0,metadata.csv: co_quan_ban_hanh = 'Ngân hàng Nhà nước Việt Nam'
Đào Minh Tú,NguoiKy,metadata,metadata_original,1.0,metadata.csv: nguoi_ky = 'Đào Minh Tú'
"Thanh tra, giám sát ngân hàng",LinhVuc,metadata,metadata_original,1.0,"metadata.csv: linh_vuc = 'Thanh tra, giám sát ngân hàng'"
Chính phủ,CoQuan,metadata,metadata_original,1.0,metadata.csv: co_quan_ban_hanh = 'Chính phủ'
Nguyễn Xuân Phúc,NguoiKy,metadata,metadata_original,1.0,metadata.csv: nguoi_ky = 'Nguyễn Xuân Phúc'
Ngân hàng Nhà nước Việt Nam,CoQuan,metadata,metadata_original,1.0,metadata.csv: co_quan_ban_hanh = 'Ngân hàng Nhà nước Việt Nam'
Phạm Thanh Hà,NguoiKy,metadata,metadata_original,1.0,metadata.csv: nguoi_ky = 'Phạm Thanh Hà'
Quản lý ngoại hối,LinhVuc,metadata,metadata_original,1.0,metadata.csv: linh_vuc = 'Quản lý ngoại hối'
Chính phủ,CoQuan,metadata,metadata_original,1.0,metadata.csv: co_quan_ban_hanh = 'Chính phủ'
Nguyễn Tấn Dũng,NguoiKy,metadata,metadata_original,1.0,metadata.csv: nguoi_ky = 'Nguyễn Tấn Dũng'
Bộ Tài chính,CoQuan,metadata,metadata_original,1.0,metadata.csv: co_quan_ban_hanh = 'Bộ Tài chính'
Nguyễn Đức Chi,NguoiKy,metadata,metadata_original,1.0,metadata.csv: nguoi_ky = 'Nguyễn Đức Chi'
Bộ Tài chính,CoQuan,metadata,metadata_original,1.0,metadata.csv: co_quan_ban_hanh = 'Bộ Tài chính'
Trần Xuân Hà,NguoiKy,metadata,metadata_original,1.0,metadata.csv: nguoi_ky = 'Trần Xuân Hà'
Quản lý dịch vụ tài chính và các quỹ tài chính,LinhVuc,metadata,metadata_original,1.0,metadata.csv: linh_vuc = 'Quản lý dịch vụ tài chính và các quỹ tài chính'
Ngân hàng Nhà nước Việt Nam,CoQuan,metadata,metadata_original,1.0,metadata.csv: co_quan_ban_hanh = 'Ngân hàng Nhà nước Việt Nam'
Đoàn Thái Sơn,NguoiKy,metadata,metadata_original,1.0,metadata.csv: nguoi_ky = 'Đoàn Thái Sơn'
"Thanh tra, giám sát ngân hàng",LinhVuc,metadata,metadata_original,1.0,"metadata.csv: linh_vuc = 'Thanh tra, giám sát ngân hàng'"
Ngân hàng Nhà nước Việt Nam,CoQuan,metadata,metadata_original,1.0,metadata.csv: co_quan_ban_hanh = 'Ngân hàng Nhà nước Việt Nam'
Trần Minh Tuấn,NguoiKy,metadata,metadata_original,1.0,metadata.csv: nguoi_ky = 'Trần Minh Tuấn'
Bộ Tài chính,CoQuan,metadata,metadata_original,1.0,metadata.csv: co_quan_ban_hanh = 'Bộ Tài chính'
Ngân hàng Nhà nước Việt Nam,CoQuan,metadata,metadata_original,1.0,metadata.csv: co_quan_ban_hanh = 'Ngân hàng Nhà nước Việt Nam'
Đào Minh Tú,NguoiKy,metadata,metadata_original,1.0,metadata.csv: nguoi_ky = 'Đào Minh Tú'
"Thanh tra, giám sát ngân hàng",LinhVuc,metadata,metadata_original,1.0,"metadata.csv: linh_vuc = 'Thanh tra, giám sát ngân hàng'"
Bộ Tài chính,CoQuan,metadata,metadata_original,1.0,metadata.csv: co_quan_ban_hanh = 'Bộ Tài chính'
Tạ Anh Tuấn,NguoiKy,metadata,metadata_original,1.0,metadata.csv: nguoi_ky = 'Tạ Anh Tuấn'
"Kế toán, kiểm toán",LinhVuc,metadata,metadata_original,1.0,"metadata.csv: linh_vuc = 'Kế toán, kiểm toán'"
Ngân hàng Nhà nước Việt Nam,CoQuan,metadata,metadata_original,1.0,metadata.csv: co_quan_ban_hanh = 'Ngân hàng Nhà nước Việt Nam'
Đoàn Thái Sơn,NguoiKy,metadata,metadata_original,1.0,metadata.csv: nguoi_ky = 'Đoàn Thái Sơn'
"Thanh tra, giám sát ngân hàng",LinhVuc,metadata,metadata_original,1.0,"metadata.csv: linh_vuc = 'Thanh tra, giám sát ngân hàng'"
Ngân hàng Nhà nước Việt Nam,CoQuan,metadata,metadata_original,1.0,metadata.csv: co_quan_ban_hanh = 'Ngân hàng Nhà nước Việt Nam'
Đoàn Thái Sơn,NguoiKy,metadata,metadata_original,1.0,metadata.csv: nguoi_ky = 'Đoàn Thái Sơn'
"Thanh tra, giám sát ngân hàng",LinhVuc,metadata,metadata_original,1.0,"metadata.csv: linh_vuc = 'Thanh tra, giám sát ngân hàng'"
Ngân hàng Nhà nước Việt Nam,CoQuan,metadata,metadata_original,1.0,metadata.csv: co_quan_ban_hanh = 'Ngân hàng Nhà nước Việt Nam'
Đoàn Thái Sơn,NguoiKy,metadata,metadata_original,1.0,metadata.csv: nguoi_ky = 'Đoàn Thái Sơn'
Cục An toàn hệ thống các tổ chức tín dụng,LinhVuc,metadata,metadata_original,1.0,metadata.csv: linh_vuc = 'Cục An toàn hệ thống các tổ chức tín dụng'
Bộ Tài chính,CoQuan,metadata,metadata_original,1.0,metadata.csv: co_quan_ban_hanh = 'Bộ Tài chính'
Trần Xuân Hà,NguoiKy,metadata,metadata_original,1.0,metadata.csv: nguoi_ky = 'Trần Xuân Hà'
Ngân hàng Nhà nước Việt Nam,CoQuan,metadata,metadata_original,1.0,metadata.csv: co_quan_ban_hanh = 'Ngân hàng Nhà nước Việt Nam'
Đoàn Thái Sơn,NguoiKy,metadata,metadata_original,1.0,metadata.csv: nguoi_ky = 'Đoàn Thái Sơn'
"Thanh tra, giám sát ngân hàng",LinhVuc,metadata,metadata_original,1.0,"metadata.csv: linh_vuc = 'Thanh tra, giám sát ngân hàng'"
Ngân hàng Nhà nước Việt Nam,CoQuan,metadata,metadata_original,1.0,metadata.csv: co_quan_ban_hanh = 'Ngân hàng Nhà nước Việt Nam'
Đoàn Thái Sơn,NguoiKy,metadata,metadata_original,1.0,metadata.csv: nguoi_ky = 'Đoàn Thái Sơn'
Cục An toàn hệ thống các tổ chức tín dụng,LinhVuc,metadata,metadata_original,1.0,metadata.csv: linh_vuc = 'Cục An toàn hệ thống các tổ chức tín dụng'
Ngân hàng Nhà nước Việt Nam,CoQuan,metadata,metadata_original,1.0,metadata.csv: co_quan_ban_hanh = 'Ngân hàng Nhà nước Việt Nam'
Đoàn Thái Sơn,NguoiKy,metadata,metadata_original,1.0,metadata.csv: nguoi_ky = 'Đoàn Thái Sơn'
Ngân hàng Nhà nước Việt Nam,CoQuan,metadata,metadata_original,1.0,metadata.csv: co_quan_ban_hanh = 'Ngân hàng Nhà nước Việt Nam'
Đoàn Thái Sơn,NguoiKy,metadata,metadata_original,1.0,metadata.csv: nguoi_ky = 'Đoàn Thái Sơn'
"Lao động, tiền lương, tiền công",LinhVuc,metadata,metadata_original,1.0,"metadata.csv: linh_vuc = 'Lao động, tiền lương, tiền công'"
Ngân hàng Nhà nước Việt Nam,CoQuan,metadata,metadata_original,1.0,metadata.csv: co_quan_ban_hanh = 'Ngân hàng Nhà nước Việt Nam'
Nguyễn Đồng Tiến,NguoiKy,metadata,metadata_original,1.0,metadata.csv: nguoi_ky = 'Nguyễn Đồng Tiến'
"Thanh tra, giám sát ngân hàng",LinhVuc,metadata,metadata_original,1.0,"metadata.csv: linh_vuc = 'Thanh tra, giám sát ngân hàng'"
Quốc hội,CoQuan,metadata,metadata_original,1.0,metadata.csv: co_quan_ban_hanh = 'Quốc hội'
Vương Đình Huệ,NguoiKy,metadata,metadata_original,1.0,metadata.csv: nguoi_ky = 'Vương Đình Huệ'
Ngân hàng Nhà nước Việt Nam,CoQuan,metadata,metadata_original,1.0,metadata.csv: co_quan_ban_hanh = 'Ngân hàng Nhà nước Việt Nam'
Đoàn Thái Sơn,NguoiKy,metadata,metadata_original,1.0,metadata.csv: nguoi_ky = 'Đoàn Thái Sơn'
Cục An toàn hệ thống các tổ chức tín dụng,LinhVuc,metadata,metadata_original,1.0,metadata.csv: linh_vuc = 'Cục An toàn hệ thống các tổ chức tín dụng'
Ngân hàng Nhà nước Việt Nam,CoQuan,metadata,metadata_original,1.0,metadata.csv: co_quan_ban_hanh = 'Ngân hàng Nhà nước Việt Nam'
Đào Minh Tú,NguoiKy,metadata,metadata_original,1.0,metadata.csv: nguoi_ky = 'Đào Minh Tú'
Phát hành và kho quỹ,LinhVuc,metadata,metadata_original,1.0,metadata.csv: linh_vuc = 'Phát hành và kho quỹ'
Quốc hội,CoQuan,metadata,metadata_original,1.0,metadata.csv: co_quan_ban_hanh = 'Quốc hội'
Nguyễn Phú Trọng,NguoiKy,metadata,metadata_original,1.0,metadata.csv: nguoi_ky = 'Nguyễn Phú Trọng'
Tổ chức tín dụng,DoiTuongApDung,content_clean,claude_llm,0.9,1. Tổ chức tín dụng.
Chi nhánh ngân hàng nước ngoài,DoiTuongApDung,content_clean,claude_llm,0.9,2. Chi nhánh ngân hàng nước ngoài.
"Văn phòng đại diện tại Việt Nam của tổ chức tín dụng nước ngoài, tổ chức nước ngoài khác có hoạt động ngân hàng",DoiTuongApDung,content_clean,claude_llm,0.85,"Văn phòng đại diện tại Việt Nam của tổ chức tín dụng nước ngoài, tổ chức nước ngoài khác có hoạt động ngân hàng (sau đây gọi là văn phòng đại diện nước ngoài)."
"Tổ chức mà Nhà nước sở hữu 100% vốn điều lệ có chức năng mua, bán, xử lý nợ",DoiTuongApDung,content_clean,claude_llm,0.85,"Tổ chức mà Nhà nước sở hữu 100% vốn điều lệ có chức năng mua, bán, xử lý nợ (sau đây gọi là tổ chức mua bán, xử lý nợ)."
"Cơ quan, tổ chức, cá nhân có liên quan đến việc thành lập, tổ chức, hoạt động, can thiệp sớm, kiểm soát đặc biệt, tổ chức lại, giải thể, phá sản tổ chức tín dụng",DoiTuongApDung,content_clean,claude_llm,0.8,"5. Cơ quan, tổ chức, cá nhân có liên quan đến việc thành lập, tổ chức, hoạt động, can thiệp sớm, kiểm soát đặc biệt, tổ chức lại, giải thể, phá sản tổ chức tín dụng;"
Doanh nghiệp bảo hiểm,DoiTuongApDung,content_clean,claude_llm,0.9,a) Doanh nghiệp bảo hiểm;
Chi nhánh nước ngoài,DoiTuongApDung,content_clean,claude_llm,0.9,b) Chi nhánh nước ngoài;
Doanh nghiệp môi giới bảo hiểm,DoiTuongApDung,content_clean,claude_llm,0.8,"c) Doanh nghiệp môi giới bảo hiểm, đại lý bảo hiểm;"
Đại lý bảo hiểm,DoiTuongApDung,content_clean,claude_llm,0.8,"c) Doanh nghiệp môi giới bảo hiểm, đại lý bảo hiểm;"
"Các tổ chức, cá nhân khác có liên quan",DoiTuongApDung,content_clean,claude_llm,0.85,"d) Các tổ chức, cá nhân khác có liên quan."
Bảo hiểm,LinhVuc,content_clean,claude_llm,0.9,"QUY ĐỊNH CHI TIẾT THI HÀNH LUẬT KINH DOANH BẢO HIỂM VÀ LUẬT SỬA ĐỔI, BỔ SUNG MỘT SỐ ĐIỀU CỦA LUẬT KINH DOANH BẢO HIỂM"
Các đơn vị có liên quan thuộc Ngân hàng Nhà nước,DoiTuongApDung,content_clean,claude_llm,0.9,1. Các đơn vị có liên quan thuộc Ngân hàng Nhà nước.
Nhà máy in tiền Quốc gia,DoiTuongApDung,content_clean,claude_llm,0.9,2. Nhà máy in tiền Quốc gia.
"Tổ chức, cá nhân khác có liên quan đến công việc thiết kế mẫu tiền, chế tạo bản in, khuôn đúc và in, đúc tiền",DoiTuongApDung,content_clean,claude_llm,0.85,"3. Tổ chức, cá nhân khác có liên quan đến công việc thiết kế mẫu tiền, chế tạo bản in, khuôn đúc và in, đúc tiền."
kiểm toán viên,DoiTuongApDung,content_clean,claude_llm,0.8,"Luật này áp dụng đối với kiểm toán viên, kiểm toán viên hành nghề, doanh nghiệp kiểm toán, chi nhánh doanh nghiệp kiểm toán nước ngoài tại Việt Nam, đơn vị được kiểm toán, tổ chức nghề nghiệp về kiểm toán và tổ chức, cá nhân khác có liên quan đến hoạt động kiểm toán độc lập."
kiểm toán viên hành nghề,DoiTuongApDung,content_clean,claude_llm,0.8,"Luật này áp dụng đối với kiểm toán viên, kiểm toán viên hành nghề, doanh nghiệp kiểm toán, chi nhánh doanh nghiệp kiểm toán nước ngoài tại Việt Nam, đơn vị được kiểm toán, tổ chức nghề nghiệp về kiểm toán và tổ chức, cá nhân khác có liên quan đến hoạt động kiểm toán độc lập."
doanh nghiệp kiểm toán,DoiTuongApDung,content_clean,claude_llm,0.8,"Luật này áp dụng đối với kiểm toán viên, kiểm toán viên hành nghề, doanh nghiệp kiểm toán, chi nhánh doanh nghiệp kiểm toán nước ngoài tại Việt Nam, đơn vị được kiểm toán, tổ chức nghề nghiệp về kiểm toán và tổ chức, cá nhân khác có liên quan đến hoạt động kiểm toán độc lập."
chi nhánh doanh nghiệp kiểm toán nước ngoài tại Việt Nam,DoiTuongApDung,content_clean,claude_llm,0.8,"Luật này áp dụng đối với kiểm toán viên, kiểm toán viên hành nghề, doanh nghiệp kiểm toán, chi nhánh doanh nghiệp kiểm toán nước ngoài tại Việt Nam, đơn vị được kiểm toán, tổ chức nghề nghiệp về kiểm toán và tổ chức, cá nhân khác có liên quan đến hoạt động kiểm toán độc lập."
đơn vị được kiểm toán,DoiTuongApDung,content_clean,claude_llm,0.8,"Luật này áp dụng đối với kiểm toán viên, kiểm toán viên hành nghề, doanh nghiệp kiểm toán, chi nhánh doanh nghiệp kiểm toán nước ngoài tại Việt Nam, đơn vị được kiểm toán, tổ chức nghề nghiệp về kiểm toán và tổ chức, cá nhân khác có liên quan đến hoạt động kiểm toán độc lập."
tổ chức nghề nghiệp về kiểm toán,DoiTuongApDung,content_clean,claude_llm,0.8,"Luật này áp dụng đối với kiểm toán viên, kiểm toán viên hành nghề, doanh nghiệp kiểm toán, chi nhánh doanh nghiệp kiểm toán nước ngoài tại Việt Nam, đơn vị được kiểm toán, tổ chức nghề nghiệp về kiểm toán và tổ chức, cá nhân khác có liên quan đến hoạt động kiểm toán độc lập."
"tổ chức, cá nhân khác có liên quan đến hoạt động kiểm toán độc lập",DoiTuongApDung,content_clean,claude_llm,0.8,"Luật này áp dụng đối với kiểm toán viên, kiểm toán viên hành nghề, doanh nghiệp kiểm toán, chi nhánh doanh nghiệp kiểm toán nước ngoài tại Việt Nam, đơn vị được kiểm toán, tổ chức nghề nghiệp về kiểm toán và tổ chức, cá nhân khác có liên quan đến hoạt động kiểm toán độc lập."
Kiểm toán,LinhVuc,content_clean,claude_llm,0.9,"LUẬT
Kiểm toán độc lập"
Doanh nghiệp bảo hiểm phi nhân thọ,DoiTuongApDung,content_clean,claude_llm,0.85,"Doanh nghiệp bảo hiểm phi nhân thọ, doanh nghiệp bảo hiểm nhân thọ, doanh nghiệp bảo hiểm sức khỏe (sau đây gọi là doanh nghiệp bảo hiểm), doanh nghiệp tái bảo hiểm, đại lý bảo hiểm, doanh nghiệp môi giới bảo hiểm, tổ chức, cá nhân cung cấp dịch vụ phụ trợ bảo hiểm, tổ chức tương hỗ cung cấp bảo hiểm vi mô."
Doanh nghiệp bảo hiểm nhân thọ,DoiTuongApDung,content_clean,claude_llm,0.85,"Doanh nghiệp bảo hiểm phi nhân thọ, doanh nghiệp bảo hiểm nhân thọ, doanh nghiệp bảo hiểm sức khỏe (sau đây gọi là doanh nghiệp bảo hiểm), doanh nghiệp tái bảo hiểm, đại lý bảo hiểm, doanh nghiệp môi giới bảo hiểm, tổ chức, cá nhân cung cấp dịch vụ phụ trợ bảo hiểm, tổ chức tương hỗ cung cấp bảo hiểm vi mô."
Doanh nghiệp bảo hiểm sức khỏe,DoiTuongApDung,content_clean,claude_llm,0.85,"Doanh nghiệp bảo hiểm phi nhân thọ, doanh nghiệp bảo hiểm nhân thọ, doanh nghiệp bảo hiểm sức khỏe (sau đây gọi là doanh nghiệp bảo hiểm), doanh nghiệp tái bảo hiểm, đại lý bảo hiểm, doanh nghiệp môi giới bảo hiểm, tổ chức, cá nhân cung cấp dịch vụ phụ trợ bảo hiểm, tổ chức tương hỗ cung cấp bảo hiểm vi mô."
Doanh nghiệp tái bảo hiểm,DoiTuongApDung,content_clean,claude_llm,0.85,"Doanh nghiệp bảo hiểm phi nhân thọ, doanh nghiệp bảo hiểm nhân thọ, doanh nghiệp bảo hiểm sức khỏe (sau đây gọi là doanh nghiệp bảo hiểm), doanh nghiệp tái bảo hiểm, đại lý bảo hiểm, doanh nghiệp môi giới bảo hiểm, tổ chức, cá nhân cung cấp dịch vụ phụ trợ bảo hiểm, tổ chức tương hỗ cung cấp bảo hiểm vi mô."
Đại lý bảo hiểm,DoiTuongApDung,content_clean,claude_llm,0.85,"Doanh nghiệp bảo hiểm phi nhân thọ, doanh nghiệp bảo hiểm nhân thọ, doanh nghiệp bảo hiểm sức khỏe (sau đây gọi là doanh nghiệp bảo hiểm), doanh nghiệp tái bảo hiểm, đại lý bảo hiểm, doanh nghiệp môi giới bảo hiểm, tổ chức, cá nhân cung cấp dịch vụ phụ trợ bảo hiểm, tổ chức tương hỗ cung cấp bảo hiểm vi mô."
Doanh nghiệp môi giới bảo hiểm,DoiTuongApDung,content_clean,claude_llm,0.85,"Doanh nghiệp bảo hiểm phi nhân thọ, doanh nghiệp bảo hiểm nhân thọ, doanh nghiệp bảo hiểm sức khỏe (sau đây gọi là doanh nghiệp bảo hiểm), doanh nghiệp tái bảo hiểm, đại lý bảo hiểm, doanh nghiệp môi giới bảo hiểm, tổ chức, cá nhân cung cấp dịch vụ phụ trợ bảo hiểm, tổ chức tương hỗ cung cấp bảo hiểm vi mô."
"Tổ chức, cá nhân cung cấp dịch vụ phụ trợ bảo hiểm",DoiTuongApDung,content_clean,claude_llm,0.85,"Doanh nghiệp bảo hiểm phi nhân thọ, doanh nghiệp bảo hiểm nhân thọ, doanh nghiệp bảo hiểm sức khỏe (sau đây gọi là doanh nghiệp bảo hiểm), doanh nghiệp tái bảo hiểm, đại lý bảo hiểm, doanh nghiệp môi giới bảo hiểm, tổ chức, cá nhân cung cấp dịch vụ phụ trợ bảo hiểm, tổ chức tương hỗ cung cấp bảo hiểm vi mô."
Tổ chức tương hỗ cung cấp bảo hiểm vi mô,DoiTuongApDung,content_clean,claude_llm,0.85,"Doanh nghiệp bảo hiểm phi nhân thọ, doanh nghiệp bảo hiểm nhân thọ, doanh nghiệp bảo hiểm sức khỏe (sau đây gọi là doanh nghiệp bảo hiểm), doanh nghiệp tái bảo hiểm, đại lý bảo hiểm, doanh nghiệp môi giới bảo hiểm, tổ chức, cá nhân cung cấp dịch vụ phụ trợ bảo hiểm, tổ chức tương hỗ cung cấp bảo hiểm vi mô."
Chi nhánh doanh nghiệp bảo hiểm phi nhân thọ nước ngoài,DoiTuongApDung,content_clean,claude_llm,0.8,"Chi nhánh doanh nghiệp bảo hiểm phi nhân thọ nước ngoài, chi nhánh doanh nghiệp tái bảo hiểm nước ngoài (sau đây gọi là chi nhánh nước ngoài tại Việt Nam); Văn phòng đại diện của doanh nghiệp bảo hiểm nước ngoài, doanh nghiệp tái bảo hiểm nước ngoài, doanh nghiệp môi giới bảo hiểm nước ngoài, tập đoàn tài chính, bảo hiểm nước ngoài tại Việt Nam (sau đây gọi là văn phòng đại diện nước ngoài tại Việt Nam)."
Chi nhánh doanh nghiệp tái bảo hiểm nước ngoài,DoiTuongApDung,content_clean,claude_llm,0.8,"Chi nhánh doanh nghiệp bảo hiểm phi nhân thọ nước ngoài, chi nhánh doanh nghiệp tái bảo hiểm nước ngoài (sau đây gọi là chi nhánh nước ngoài tại Việt Nam); Văn phòng đại diện của doanh nghiệp bảo hiểm nước ngoài, doanh nghiệp tái bảo hiểm nước ngoài, doanh nghiệp môi giới bảo hiểm nước ngoài, tập đoàn tài chính, bảo hiểm nước ngoài tại Việt Nam (sau đây gọi là văn phòng đại diện nước ngoài tại Việt Nam)."
"Văn phòng đại diện của doanh nghiệp bảo hiểm nước ngoài, doanh nghiệp tái bảo hiểm nước ngoài, doanh nghiệp môi giới bảo hiểm nước ngoài, tập đoàn tài chính, bảo hiểm nước ngoài tại Việt Nam",DoiTuongApDung,content_clean,claude_llm,0.8,"Văn phòng đại diện của doanh nghiệp bảo hiểm nước ngoài, doanh nghiệp tái bảo hiểm nước ngoài, doanh nghiệp môi giới bảo hiểm nước ngoài, tập đoàn tài chính, bảo hiểm nước ngoài tại Việt Nam (sau đây gọi là văn phòng đại diện nước ngoài tại Việt Nam)."
Bên mua bảo hiểm,DoiTuongApDung,content_clean,claude_llm,0.85,"3. Bên mua bảo hiểm, người được bảo hiểm, người thụ hưởng"
Người được bảo hiểm,DoiTuongApDung,content_clean,claude_llm,0.85,"3. Bên mua bảo hiểm, người được bảo hiểm, người thụ hưởng"
Người thụ hưởng,DoiTuongApDung,content_clean,claude_llm,0.85,"3. Bên mua bảo hiểm, người được bảo hiểm, người thụ hưởng"
Cơ quan quản lý nhà nước về hoạt động kinh doanh bảo hiểm,DoiTuongApDung,content_clean,claude_llm,0.9,4. Cơ quan quản lý nhà nước về hoạt động kinh doanh bảo hiểm.
Tổ chức và cá nhân có liên quan đến hoạt động kinh doanh bảo hiểm,DoiTuongApDung,content_clean,claude_llm,0.9,5. Tổ chức và cá nhân có liên quan đến hoạt động kinh doanh bảo hiểm.
Ngân hàng hợp tác xã,DoiTuongApDung,content_clean,claude_llm,0.9,1. Ngân hàng hợp tác xã.
Quỹ tín dụng nhân dân,DoiTuongApDung,content_clean,claude_llm,0.9,2. Quỹ tín dụng nhân dân.
"Tổ chức, cá nhân có liên quan đến phạm vi điều chỉnh quy định tại Điều 1 Thông tư này",DoiTuongApDung,content_clean,claude_llm,0.85,"3. Tổ chức, cá nhân có liên quan đến phạm vi điều chỉnh quy định tại Điều 1 Thông tư này."
"Các bộ, cơ quan ngang bộ, cơ quan thuộc Chính phủ",DoiTuongApDung,content_clean,claude_llm,0.9,"a) Các bộ, cơ quan ngang bộ, cơ quan thuộc Chính phủ;"
"Ủy ban nhân dân các tỉnh, thành phố trực thuộc trung ương",DoiTuongApDung,content_clean,claude_llm,0.9,"b) Ủy ban nhân dân các tỉnh, thành phố trực thuộc trung ương;"
Các đơn vị sự nghiệp công lập,DoiTuongApDung,content_clean,claude_llm,0.9,c) Các đơn vị sự nghiệp công lập;
Các doanh nghiệp,DoiTuongApDung,content_clean,claude_llm,0.9,d) Các doanh nghiệp;
"Các tổ chức, cá nhân khác có liên quan đến hoạt động kiểm toán nội bộ",DoiTuongApDung,content_clean,claude_llm,0.85,"đ) Các tổ chức, cá nhân khác có liên quan đến hoạt động kiểm toán nội bộ."
"Kế toán, kiểm toán",LinhVuc,content_clean,claude_llm,0.85,"NGHỊ ĐỊNH
Về kiểm toán nội bộ"
Tổ chức kinh tế theo quy định tại Khoản 16 Điều 3 Luật Đầu tư,DoiTuongApDung,content_clean,claude_llm,0.9,a) Tổ chức kinh tế theo quy định tại Khoản 16 Điều 3 Luật Đầu tư;
Cá nhân có quốc tịch Việt Nam thuộc đối tượng được tham gia chương trình thưởng cổ phiếu phát hành ở nước ngoài,DoiTuongApDung,content_clean,claude_llm,0.9,b) Cá nhân có quốc tịch Việt Nam thuộc đối tượng được tham gia chương trình thưởng cổ phiếu phát hành ở nước ngoài.
Các cơ quan quản lý nhà nước tham gia quản lý hoạt động đầu tư gián tiếp ra nước ngoài theo quy định tại Nghị định này,DoiTuongApDung,content_clean,claude_llm,0.85,2. Các cơ quan quản lý nhà nước tham gia quản lý hoạt động đầu tư gián tiếp ra nước ngoài theo quy định tại Nghị định này.
"Các tổ chức, cá nhân khác có liên quan đến hoạt động đầu tư gián tiếp ra nước ngoài",DoiTuongApDung,content_clean,claude_llm,0.85,"3. Các tổ chức, cá nhân khác có liên quan đến hoạt động đầu tư gián tiếp ra nước ngoài."
Tổ chức kinh tế có vốn đầu tư nước ngoài (thuộc đối tượng quy định tại Khoản 1 Điều 23 Luật Đầu tư),DoiTuongApDung,content_clean,claude_llm,0.8,4. Tổ chức kinh tế có vốn đầu tư nước ngoài (thuộc đối tượng quy định tại Khoản 1 Điều 23 Luật Đầu tư) không được thực hiện đầu tư gián tiếp ra nước ngoài theo quy định tại Nghị định này.
Quản lý ngoại hối,LinhVuc,content_clean,claude_llm,0.5,"Nghị định này quy định chi tiết về hoạt động đầu tư ra nước ngoài dưới hình thức mua, bán chứng khoán, các giấy tờ có giá khác hoặc đầu tư thông qua các quỹ đầu tư chứng khoán, các định chế tài chính trung gian khác ở nước ngoài (sau đây gọi là đầu tư gián tiếp ra nước ngoài)."
"Tổ chức, cá nhân Việt Nam và tổ chức, cá nhân nước ngoài",DoiTuongApDung,content_clean,claude_llm,0.85,"Tổ chức, cá nhân Việt Nam và tổ chức, cá nhân nước ngoài (sau đây gọi chung là Tổ chức, cá nhân) thực hiện hành vi vi phạm hành chính trong lĩnh vực chứng khoán và thị trường chứng khoán quy định tại Nghị định này."
Công ty đại chúng,DoiTuongApDung,content_clean,claude_llm,0.9,a) Công ty đại chúng;
"Doanh nghiệp nhà nước, công ty trách nhiệm hữu hạn một thành viên do doanh nghiệp nhà nước nắm giữ 100% vốn điều lệ, đơn vị sự nghiệp công lập cổ phần hóa dưới hình thức chào bán chứng khoán ra công chúng",DoiTuongApDung,content_clean,claude_llm,0.85,"b) Doanh nghiệp nhà nước, công ty trách nhiệm hữu hạn một thành viên do doanh nghiệp nhà nước nắm giữ 100% vốn điều lệ, đơn vị sự nghiệp công lập cổ phần hóa dưới hình thức chào bán chứng khoán ra công chúng;"
Tổ chức phát hành,DoiTuongApDung,content_clean,claude_llm,0.9,c) Tổ chức phát hành;
"Tổ chức niêm yết, tổ chức đăng ký giao dịch; tổ chức tư vấn niêm yết, đăng ký giao dịch",DoiTuongApDung,content_clean,claude_llm,0.85,"d) Tổ chức niêm yết, tổ chức đăng ký giao dịch; tổ chức tư vấn niêm yết, đăng ký giao dịch;"
Tổ chức kiểm toán được chấp thuận,DoiTuongApDung,content_clean,claude_llm,0.9,đ) Tổ chức kiểm toán được chấp thuận;
"Tổ chức tư vấn chào bán, phát hành, tổ chức bảo lãnh phát hành; tổ chức đấu thầu, đại lý phát hành",DoiTuongApDung,content_clean,claude_llm,0.85,"e) Tổ chức tư vấn chào bán, phát hành, tổ chức bảo lãnh phát hành; tổ chức đấu thầu, đại lý phát hành;"
"Công ty chứng khoán, công ty quản lý quỹ đầu tư chứng khoán, chi nhánh, văn phòng đại diện công ty chứng khoán, công ty quản lý quỹ nước ngoài tại Việt Nam, công ty đầu tư chứng khoán",DoiTuongApDung,content_clean,claude_llm,0.85,"g) Công ty chứng khoán, công ty quản lý quỹ đầu tư chứng khoán, chi nhánh, văn phòng đại diện công ty chứng khoán, công ty quản lý quỹ nước ngoài tại Việt Nam, công ty đầu tư chứng khoán;"
Sở giao dịch chứng khoán Việt Nam và công ty con; Tổng công ty lưu ký và bù trừ chứng khoán Việt Nam và công ty con,DoiTuongApDung,content_clean,claude_llm,0.8,Sở giao dịch chứng khoán Việt Nam và công ty con; Tổng công ty lưu ký và bù trừ chứng khoán Việt Nam và công ty con;
"Cổ đông, nhà đầu tư là tổ chức",DoiTuongApDung,content_clean,claude_llm,0.9,"i) Cổ đông, nhà đầu tư là tổ chức;"
"Ngân hàng thương mại, chi nhánh ngân hàng nước ngoài tại Việt Nam thực hiện hoạt động lưu ký, bù trừ, thanh toán giao dịch chứng khoán, ngân hàng giám sát",DoiTuongApDung,content_clean,claude_llm,0.85,"k) Ngân hàng thương mại, chi nhánh ngân hàng nước ngoài tại Việt Nam thực hiện hoạt động lưu ký, bù trừ, thanh toán giao dịch chứng khoán, ngân hàng giám sát;"
Tổ chức xã hội - nghề nghiệp về chứng khoán,DoiTuongApDung,content_clean,claude_llm,0.9,l) Tổ chức xã hội - nghề nghiệp về chứng khoán;
Các tổ chức khác hoạt động trên thị trường chứng khoán hoặc có liên quan đến hoạt động về chứng khoán và thị trường chứng khoán,DoiTuongApDung,content_clean,claude_llm,0.85,m) Các tổ chức khác hoạt động trên thị trường chứng khoán hoặc có liên quan đến hoạt động về chứng khoán và thị trường chứng khoán.
Chứng khoán,LinhVuc,content_clean,claude_llm,0.9,Quy định xử phạt vi phạm hành chính trong lĩnh vực chứng khoán và thị trường chứng khoán
"Kiểm toán viên đăng ký hành nghề tại doanh nghiệp kiểm toán, chi nhánh doanh nghiệp kiểm toán nước ngoài tại Việt Nam",DoiTuongApDung,content_clean,claude_llm,0.9,"1. Kiểm toán viên đăng ký hành nghề tại doanh nghiệp kiểm toán, chi nhánh doanh nghiệp kiểm toán nước ngoài tại Việt Nam."
"Doanh nghiệp kiểm toán, chi nhánh doanh nghiệp kiểm toán nước ngoài tại Việt Nam",DoiTuongApDung,content_clean,claude_llm,0.9,"2. Doanh nghiệp kiểm toán, chi nhánh doanh nghiệp kiểm toán nước ngoài tại Việt Nam (sau đây gọi chung là doanh nghiệp kiểm toán)."
"Tổ chức, cá nhân có liên quan đến việc đăng ký, quản lý và công khai danh sách kiểm toán viên hành nghề kiểm toán",DoiTuongApDung,content_clean,claude_llm,0.85,"3. Tổ chức, cá nhân có liên quan đến việc đăng ký, quản lý và công khai danh sách kiểm toán viên hành nghề kiểm toán."
Công ty tài chính tổng hợp,DoiTuongApDung,content_clean,claude_llm,0.9,1. Công ty tài chính tổng hợp.
Công ty tài chính chuyên ngành,DoiTuongApDung,content_clean,claude_llm,0.9,2. Công ty tài chính chuyên ngành.
"Các tổ chức, cá nhân có liên quan đến việc cấp Giấy phép lần đầu của tổ chức tín dụng phi ngân hàng",DoiTuongApDung,content_clean,claude_llm,0.85,"3. Các tổ chức, cá nhân có liên quan đến việc cấp Giấy phép lần đầu của tổ chức tín dụng phi ngân hàng."
Tổ chức tín dụng,DoiTuongApDung,content_clean,claude_llm,0.9,1. Tổ chức tín dụng;
Chi nhánh ngân hàng nước ngoài,DoiTuongApDung,content_clean,claude_llm,0.9,2. Chi nhánh ngân hàng nước ngoài;
"Tổ chức, cá nhân có liên quan đến hệ thống kiểm soát nội bộ và kiểm toán nội bộ của tổ chức tín dụng, chi nhánh ngân hàng nước ngoài",DoiTuongApDung,content_clean,claude_llm,0.85,"3. Tổ chức, cá nhân có liên quan đến hệ thống kiểm soát nội bộ và kiểm toán nội bộ của tổ chức tín dụng, chi nhánh ngân hàng nước ngoài."
"Kế toán, kiểm toán",LinhVuc,content_clean,claude_llm,0.6,Quy định về hệ thống kiểm soát nội bộ và kiểm toán nội bộ
Đỗ Hoàng Anh Tuấn,NguoiKy,content_clean,claude_llm,0.9,"KT. BỘ TRƯỞNG
THỨ TRƯỞNG
(Đã ký)
Đỗ Hoàng Anh Tuấn"
Các doanh nghiệp quy định tại khoản 1 Điều 10 Nghị định số 05/2019/NĐ-CP,DoiTuongApDung,content_clean,claude_llm,0.85,Thông tư này áp dụng đối với các doanh nghiệp quy định tại khoản 1 Điều 10 Nghị định số 05/2019/NĐ-CP ngày 22 tháng 01 năm 2019 của Chính phủ về kiếm toán nội bộ.
Các doanh nghiệp không thuộc quy định tại khoản 1 Điều này,DoiTuongApDung,content_clean,claude_llm,0.6,Các doanh nghiệp không thuộc quy định tại khoản 1 Điều này được khuyến khích xây dựng Quy chế kiểm toán nội bộ trên cơ sở tham chiếu mẫu Quy chế kiểm toán nội bộ ban hành kèm theo Thông tư này.
"Kế toán, kiểm toán",LinhVuc,content_clean,claude_llm,0.85,Ban hành Quy chế mẫu về kiểm toán nội bộ áp dụng cho doanh nghiệp
Quỹ tín dụng nhân dân,DoiTuongApDung,content_clean,claude_llm,0.9,1. Quỹ tín dụng nhân dân.
Ngân hàng hợp tác xã,DoiTuongApDung,content_clean,claude_llm,0.9,2. Ngân hàng hợp tác xã.
"Tổ chức, cá nhân có liên quan đến quản trị, điều hành, tổ chức và hoạt động của quỹ tín dụng nhân dân",DoiTuongApDung,content_clean,claude_llm,0.85,"3. Tổ chức, cá nhân có liên quan đến quản trị, điều hành, tổ chức và hoạt động của quỹ tín dụng nhân dân."
"Các doanh nghiệp, cơ quan nhà nước, đơn vị sự nghiệp công lập quy định tại Điều 8, Điều 9, Điều 10 Nghị định số 05/2019/NĐ-CP",DoiTuongApDung,content_clean,claude_llm,0.8,"Chuẩn mực kiểm toán nội bộ Việt Nam và các nguyên tắc đạo đức nghề nghiệp kiểm toán nội bộ áp dụng đối với các doanh nghiệp, cơ quan nhà nước, đơn vị sự nghiệp công lập quy định tại Điều 8, Điều 9, Điều 10 Nghị định số 05/2019/NĐ-CP ngày 22 tháng 01 năm 2019 của Chính phủ về kiểm toán nội bộ và các tổ chức cá nhân có liên quan trong hoạt động kiểm toán nội bộ của các đơn vị này."
Các tổ chức cá nhân có liên quan trong hoạt động kiểm toán nội bộ của các đơn vị này,DoiTuongApDung,content_clean,claude_llm,0.75,"Chuẩn mực kiểm toán nội bộ Việt Nam và các nguyên tắc đạo đức nghề nghiệp kiểm toán nội bộ áp dụng đối với các doanh nghiệp, cơ quan nhà nước, đơn vị sự nghiệp công lập quy định tại Điều 8, Điều 9, Điều 10 Nghị định số 05/2019/NĐ-CP ngày 22 tháng 01 năm 2019 của Chính phủ về kiểm toán nội bộ và các tổ chức cá nhân có liên quan trong hoạt động kiểm toán nội bộ của các đơn vị này."
Ngân hàng thương mại,DoiTuongApDung,content_clean,claude_llm,0.9,1. Ngân hàng thương mại.
Chi nhánh ngân hàng nước ngoài,DoiTuongApDung,content_clean,claude_llm,0.9,2. Chi nhánh ngân hàng nước ngoài.
"Văn phòng đại diện tại Việt Nam của tổ chức tín dụng nước ngoài, tổ chức nước ngoài khác có hoạt động ngân hàng",DoiTuongApDung,content_clean,claude_llm,0.85,"3. Văn phòng đại diện tại Việt Nam của tổ chức tín dụng nước ngoài, tổ chức nước ngoài khác có hoạt động ngân hàng (sau đây gọi là văn phòng đại diện nước ngoài)."
"Các tổ chức, cá nhân có liên quan đến hồ sơ, thủ tục cấp Giấy phép lần đầu của ngân hàng thương mại, chi nhánh ngân hàng nước ngoài và văn phòng đại diện nước ngoài",DoiTuongApDung,content_clean,claude_llm,0.85,"4. Các tổ chức, cá nhân có liên quan đến hồ sơ, thủ tục cấp Giấy phép lần đầu của ngân hàng thương mại, chi nhánh ngân hàng nước ngoài và văn phòng đại diện nước ngoài."
Tổ chức kinh doanh chứng khoán,DoiTuongApDung,content_clean,claude_llm,0.85,"Thông tư này áp dụng đối với tổ chức kinh doanh chứng khoán, quỹ đầu tư chứng khoán, công ty đầu tư chứng khoán, doanh nghiệp kinh doanh bảo hiểm và các cơ quan, tổ chức, cá nhân có liên quan đến hoạt động đầu tư gián tiếp ra nước ngoài."
Quỹ đầu tư chứng khoán,DoiTuongApDung,content_clean,claude_llm,0.85,"Thông tư này áp dụng đối với tổ chức kinh doanh chứng khoán, quỹ đầu tư chứng khoán, công ty đầu tư chứng khoán, doanh nghiệp kinh doanh bảo hiểm và các cơ quan, tổ chức, cá nhân có liên quan đến hoạt động đầu tư gián tiếp ra nước ngoài."
Công ty đầu tư chứng khoán,DoiTuongApDung,content_clean,claude_llm,0.85,"Thông tư này áp dụng đối với tổ chức kinh doanh chứng khoán, quỹ đầu tư chứng khoán, công ty đầu tư chứng khoán, doanh nghiệp kinh doanh bảo hiểm và các cơ quan, tổ chức, cá nhân có liên quan đến hoạt động đầu tư gián tiếp ra nước ngoài."
Doanh nghiệp kinh doanh bảo hiểm,DoiTuongApDung,content_clean,claude_llm,0.85,"Thông tư này áp dụng đối với tổ chức kinh doanh chứng khoán, quỹ đầu tư chứng khoán, công ty đầu tư chứng khoán, doanh nghiệp kinh doanh bảo hiểm và các cơ quan, tổ chức, cá nhân có liên quan đến hoạt động đầu tư gián tiếp ra nước ngoài."
"Các cơ quan, tổ chức, cá nhân có liên quan đến hoạt động đầu tư gián tiếp ra nước ngoài",DoiTuongApDung,content_clean,claude_llm,0.8,"Thông tư này áp dụng đối với tổ chức kinh doanh chứng khoán, quỹ đầu tư chứng khoán, công ty đầu tư chứng khoán, doanh nghiệp kinh doanh bảo hiểm và các cơ quan, tổ chức, cá nhân có liên quan đến hoạt động đầu tư gián tiếp ra nước ngoài."
Chứng khoán,LinhVuc,content_clean,claude_llm,0.5,"HƯỚNG DẪN HOẠT ĐỘNG ĐẦU TƯ GIÁN TIẾP RA NƯỚC NGOÀI CỦA TỔ CHỨC KINH DOANH CHỨNG KHOÁN, QUỸ ĐẦU TƯ CHỨNG KHOÁN, CÔNG TY ĐẦU TƯ CHỨNG KHOÁN VÀ DOANH NGHIỆP KINH DOANH BẢO HIỂM"
Ngân hàng thương mại,DoiTuongApDung,content_clean,claude_llm,0.9,a) Ngân hàng thương mại;
Tổ chức tín dụng phi ngân hàng bao gồm công ty tài chính tổng hợp và công ty tài chính chuyên ngành,DoiTuongApDung,content_clean,claude_llm,0.85,b) Tổ chức tín dụng phi ngân hàng bao gồm công ty tài chính tổng hợp và công ty tài chính chuyên ngành.
"Tổ chức, cá nhân có liên quan đến việc tổ chức lại tổ chức tín dụng",DoiTuongApDung,content_clean,claude_llm,0.85,"2. Tổ chức, cá nhân có liên quan đến việc tổ chức lại tổ chức tín dụng."
"Tổ chức tín dụng là hợp tác xã bao gồm ngân hàng hợp tác xã, quỹ tín dụng nhân dân",DoiTuongApDung,content_clean,claude_llm,0.9,"1. Tổ chức tín dụng là hợp tác xã bao gồm ngân hàng hợp tác xã, quỹ tín dụng nhân dân."
Tổ chức tài chính vi mô,DoiTuongApDung,content_clean,claude_llm,0.9,2. Tổ chức tài chính vi mô.
"Tổ chức, cá nhân có liên quan đến hệ thống kiểm soát nội bộ của tổ chức tín dụng",DoiTuongApDung,content_clean,claude_llm,0.85,"3. Tổ chức, cá nhân có liên quan đến hệ thống kiểm soát nội bộ của tổ chức tín dụng."
Ngân hàng thương mại,DoiTuongApDung,content_clean,claude_llm,0.9,1. Ngân hàng thương mại.
Chi nhánh ngân hàng nước ngoài,DoiTuongApDung,content_clean,claude_llm,0.9,2. Chi nhánh ngân hàng nước ngoài.
"Văn phòng đại diện tại Việt Nam của tổ chức tín dụng nước ngoài, tổ chức nước ngoài khác có hoạt động ngân hàng",DoiTuongApDung,content_clean,claude_llm,0.85,"3. Văn phòng đại diện tại Việt Nam của tổ chức tín dụng nước ngoài, tổ chức nước ngoài khác có hoạt động ngân hàng (sau đây gọi là văn phòng đại diện nước ngoài)."
"Các tổ chức, cá nhân có liên quan đến hồ sơ, thủ tục cấp Giấy phép lần đầu của ngân hàng thương mại, chi nhánh ngân hàng nước ngoài và văn phòng đại diện nước ngoài",DoiTuongApDung,content_clean,claude_llm,0.85,"4. Các tổ chức, cá nhân có liên quan đến hồ sơ, thủ tục cấp Giấy phép lần đầu của ngân hàng thương mại, chi nhánh ngân hàng nước ngoài và văn phòng đại diện nước ngoài."
"Thanh tra, giám sát ngân hàng",LinhVuc,content_clean,claude_llm,0.55,"Quy định hồ sơ, thủ tục cấp Giấy phép lần đầu của ngân hàng thương mại, chi nhánh ngân hàng nước ngoài, văn phòng đại diện nước ngoài"
Ngân hàng thương mại nhà nước,DoiTuongApDung,content_clean,claude_llm,0.85,"a) Ngân hàng: Ngân hàng thương mại nhà nước, ngân hàng thương mại cổ phần, ngân hàng liên doanh, ngân hàng 100% vốn nước ngoài;"
Ngân hàng thương mại cổ phần,DoiTuongApDung,content_clean,claude_llm,0.85,"a) Ngân hàng: Ngân hàng thương mại nhà nước, ngân hàng thương mại cổ phần, ngân hàng liên doanh, ngân hàng 100% vốn nước ngoài;"
Ngân hàng liên doanh,DoiTuongApDung,content_clean,claude_llm,0.85,"a) Ngân hàng: Ngân hàng thương mại nhà nước, ngân hàng thương mại cổ phần, ngân hàng liên doanh, ngân hàng 100% vốn nước ngoài;"
Ngân hàng 100% vốn nước ngoài,DoiTuongApDung,content_clean,claude_llm,0.85,"a) Ngân hàng: Ngân hàng thương mại nhà nước, ngân hàng thương mại cổ phần, ngân hàng liên doanh, ngân hàng 100% vốn nước ngoài;"
Chi nhánh ngân hàng nước ngoài,DoiTuongApDung,content_clean,claude_llm,0.9,b) Chi nhánh ngân hàng nước ngoài.
"Tổ hợp tác, hợp tác xã, liên hiệp hợp tác xã",DoiTuongApDung,content_clean,claude_llm,0.9,"1. Tổ hợp tác, hợp tác xã, liên hiệp hợp tác xã."
"Thành viên của tổ hợp tác, hợp tác xã, liên hiệp hợp tác xã",DoiTuongApDung,content_clean,claude_llm,0.9,"2. Thành viên của tổ hợp tác, hợp tác xã, liên hiệp hợp tác xã."
"Cơ quan, tổ chức, cá nhân có liên quan đến thành lập, tổ chức quản lý, tổ chức lại, giải thể, phá sản và hoạt động có liên quan của tổ hợp tác, hợp tác xã, liên hiệp hợp tác xã",DoiTuongApDung,content_clean,claude_llm,0.85,"3. Cơ quan, tổ chức, cá nhân có liên quan đến thành lập, tổ chức quản lý, tổ chức lại, giải thể, phá sản và hoạt động có liên quan của tổ hợp tác, hợp tác xã, liên hiệp hợp tác xã."
Hợp tác xã,LinhVuc,content_clean,claude_llm,0.6,"LUẬT
HỢP TÁC XÃ"
Quỹ tín dụng nhân dân,DoiTuongApDung,content_clean,claude_llm,0.9,1. Quỹ tín dụng nhân dân.
"Tổ chức, cá nhân có liên quan đến việc cấp Giấy phép lần đầu, cấp đổi Giấy phép của quỹ tín dụng nhân dân, cấp bản sao Giấy phép từ sổ gốc",DoiTuongApDung,content_clean,claude_llm,0.85,"2. Tổ chức, cá nhân có liên quan đến việc cấp Giấy phép lần đầu, cấp đổi Giấy phép của quỹ tín dụng nhân dân, cấp bản sao Giấy phép từ sổ gốc."
Ngân hàng Nhà nước Việt Nam,DoiTuongApDung,content_clean,claude_llm,0.85,1. Ngân hàng Nhà nước Việt Nam (sau đây gọi tắt là Ngân hàng Nhà nước).
"Tổ chức tín dụng, chi nhánh ngân hàng nước ngoài",DoiTuongApDung,content_clean,claude_llm,0.9,"2. Tổ chức tín dụng, chi nhánh ngân hàng nước ngoài."
"Khách hàng trong quan hệ giao dịch tiền mặt, tài sản quý, giấy tờ có giá với Ngân hàng Nhà nước, tổ chức tín dụng, chi nhánh ngân hàng nước ngoài",DoiTuongApDung,content_clean,claude_llm,0.85,"3. Khách hàng trong quan hệ giao dịch tiền mặt, tài sản quý, giấy tờ có giá với Ngân hàng Nhà nước, tổ chức tín dụng, chi nhánh ngân hàng nước ngoài."
Tổ chức và hoạt động Ngân hàng Nhà nước,LinhVuc,content_clean,claude_llm,0.5,"LUẬT
Ngân hàng Nhà nước Việt Nam"
